체크시각(KST),기기,키워드,순위,업체명,광고문구,이미지URL,원문(raw)
2026-09-22 13:26,PC,월세카드결제,1,사장님페이,"월세카드결제, 사장님페이 365일 당일송금 현금 지출이 많은 9월, 첫 결제 수수료 50% 할인받고 월세카드결제 하세요! 이벤트 첫거래 수수료 50% 할인 월세카드결제 임대료결제 이용절차",https://searchad-phinf.pstatic.net/MjAyNjA4MTlfMjA4/MDAxNzg3MTE1NTA0OTU1.ApKDVGbqaMydwOSwVu9xj9qNz1H1urEbjLaAPXxkCIEg.ozVL89LTR9vIp37h1Sl6-HcJCVQqECQlDGlD7vfmjF0g.JPEG/4465800-4906386b-f52f-4da3-9c5f-e28dba74a668.jpg?type=f160_160,"네이버 로그인 사장님페이 sajangpay.com/ 월세카드결제, 사장님페이 365일 당일송금 현금 지출이 많은 9월, 첫 결제 수수료 50% 할인받고 월세카드결제 하세요! 이벤트 첫거래 수수료 50% 할인 월세카드결제 임대료결제 이용절차"
2026-09-22 13:26,PC,월세카드결제,2,단비페이,"월세카드결제 역시 단비페이 결제후 3초 번개송금 임대인동의 불필요, 무료번개/예약송금, 카드실적&포인트적립, 무이자할부가능 이벤트 연체분, 선납분 결제가능 월세카드결제 N페이 결제 연중무휴운영",https://searchad-phinf.pstatic.net/MjAyNjAxMDZfMTQ5/MDAxNzY3NjY5NTA2NjM3.N46jyl2gJMQhQZS1R7PQmBZKY2ZibNxILUFCsIKOnNkg.I8oG_cWmcANgDNSzdJ_lr9r4x2FoU9PVHI0KJ0jqJFYg.JPEG/1104169-735a2522-a51e-411c-95c7-21e36d18de4d.jpg?type=f160_160,"단비페이 danbipay.com 월세카드결제 역시 단비페이 결제후 3초 번개송금 임대인동의 불필요, 무료번개/예약송금, 카드실적&포인트적립, 무이자할부가능 이벤트 연체분, 선납분 결제가능 월세카드결제 N페이 결제 연중무휴운영"
2026-09-22 13:26,PC,월세카드결제,3,이체로,"안전한, 월세카드결제 500만 임차인의 이체로 즉시송금,간편결제,할부 가능 이용 실적도 맞추고, 소득공제에 카드사별 포인트 혜택까지 한번에! 월세/ 관리비 카드 결제 서비스 이벤트 이체로서포트 프로모션 상대방동의X 무이자할부 즉시송금 서포터수익",https://searchad-phinf.pstatic.net/MjAyNTEyMTBfMjY3/MDAxNzY1MzQ5Nzk1NTI2.Ge4Oe2LmhGP5sdb6siQR6zVn2HX2jNWWIwSdNoh1hVYg._f3mZySo0I5RBIGD3bdTowGTq27sudrOUIFV0sYGwXsg.PNG/4175028-2f09c353-75f2-4e00-bfb1-6c405a00696b.png?type=f160_160,"이체로 2chero.com 안전한, 월세카드결제 500만 임차인의 이체로 즉시송금,간편결제,할부 가능 이용 실적도 맞추고, 소득공제에 카드사별 포인트 혜택까지 한번에! 월세/ 관리비 카드 결제 서비스 이벤트 이체로서포트 프로모션 상대방동의X 무이자할부 즉시송금 서포터수익"
2026-09-22 13:26,PC,월세카드결제,4,페이린,"월세카드결제 페이린 최저수수료 2.9% 카드결제하면 3초만에 송금 사장님을 위한 카드결제 서비스! 수수료 2.9% 상대방 동의 불필요 카드결제하면 3초만에 바로 송금, 안전한 카드 결제는 페이린 가입비없이 모든카드사지원! 월세카드결제 인건비결제 물품대금결제",https://searchad-phinf.pstatic.net/MjAyNjA4MDZfNDQg/MDAxNzg1OTc5NDQwNzQz.sAJnr3FWbyJ1DjqnQ--9IqdRztQ9KMJYdeWrB9Z_ensg.vOiAe5muD2vaoSb3_CfJfOy5kwcJgv53SHLOKDdpMtgg.PNG/4438407-ebd0661f-3d76-4b69-bf9e-ef9160e7a03c.png?type=f160_160,"페이린 pay-lin.co.kr 월세카드결제 페이린 최저수수료 2.9% 카드결제하면 3초만에 송금 사장님을 위한 카드결제 서비스! 수수료 2.9% 상대방 동의 불필요 카드결제하면 3초만에 바로 송금, 안전한 카드 결제는 페이린 가입비없이 모든카드사지원! 월세카드결제 인건비결제 물품대금결제"
2026-09-22 13:26,PC,월세카드결제,5,루트페이,"월세카드결제는 루트페이 365일 연중무휴로 언제든지 상대방 동의 필요 X 현금 없이 월세 납부, 수수료 3.8%. 직장인부터 자영업자까지 모두 가능! 월세/관리비/인건비 까지 결제 모두 가능! 무이자 할부 가능 이벤트 24시간 연중무휴 최저 수수료 무이자할부 세금 공제 상대방동의X",https://searchad-phinf.pstatic.net/MjAyNTA0MDdfMTAz/MDAxNzQzOTg5Mjg2Mzgy.BrbNj6bh8JibR9hUd6FADPIPJ-KCI_SXNAW4FaudmjMg.Zth_42bWJJyvimHmc7_JcsvtkLCK1r1UvYEkyKrf-t0g.PNG/3273528-060358ca-72a6-4951-bf08-ebe14c64fd92.png?type=f160_160,"루트페이 root-pay.co.kr 월세카드결제는 루트페이 365일 연중무휴로 언제든지 상대방 동의 필요 X 현금 없이 월세 납부, 수수료 3.8%. 직장인부터 자영업자까지 모두 가능! 월세/관리비/인건비 까지 결제 모두 가능! 무이자 할부 가능 이벤트 24시간 연중무휴 최저 수수료 무이자할부 세금 공제 상대방동의X"
2026-09-22 13:26,PC,월세카드결제,6,페이클로버,"월세카드결제 페이클로버 소득 및 세액 공제 가능 예약, 즉시송금가능 안전한 결제, 누구나 어디든 이제 카드로 하세요!/ 무이자 할부 OK 상대방 동의 및 별도 인증 NO! 간단하고 편리한 결제! 이벤트 첫 결제 수수료 2.5% 페이클로버 플레이스토어 애플앱스토어 제휴문의",https://searchad-phinf.pstatic.net/MjAyNTA5MzBfMTgy/MDAxNzU5MTk0ODk3NTQ3.6FqrImeaCkZKBfaEpWPH7IbdaM9oMqoqis7vJS4Aw3og.6XokuSm2XCsYad5N3b1DqO26Ca-Rmvmq_U0jnMxtwMMg.PNG/4151959-4dbbd9b1-91ae-4673-955f-670bb796f783.png?type=f160_160,"페이클로버 paycloverapp.com 월세카드결제 페이클로버 소득 및 세액 공제 가능 예약, 즉시송금가능 안전한 결제, 누구나 어디든 이제 카드로 하세요!/ 무이자 할부 OK 상대방 동의 및 별도 인증 NO! 간단하고 편리한 결제! 이벤트 첫 결제 수수료 2.5% 페이클로버 플레이스토어 애플앱스토어 제휴문의"
2026-09-22 13:26,PC,월세카드결제,7,아파트아이,월세 자동이체 아파트아이 아파트 생활지원 1위 플랫폼 전 카드사 납부 가능! 최대 170만원 세액공제 혜택까지 이벤트 지금 다운받으면 관리비할인,https://searchad-phinf.pstatic.net/MjAyNDAzMDdfODQg/MDAxNzA5ODAxNzEyMjgw.OeWyApQl8f4sip2ijnesurdOlm-6OIfW1qhLezYMJGEg.A5oO0b_ZuQsUYOmrVtqx6SmmMyrv3hu5N82qw2zqVHEg.JPEG/2076742-a967d538-3bb2-47eb-a06d-6cd91f29e676.jpg?type=f160_160,네이버 로그인 아파트아이 apti.co.kr 월세 자동이체 아파트아이 아파트 생활지원 1위 플랫폼 전 카드사 납부 가능! 최대 170만원 세액공제 혜택까지 이벤트 지금 다운받으면 관리비할인
2026-09-22 13:26,PC,월세카드결제,8,롯데카드,"매달 생활비 할인은 롯데카드 아파트 관리비 10% 할인 가스비, 전기료 10% 할인 아파트 관리비, 냉난방비 할인부터 생활영역 할인, 무이자 나누기 혜택까지",https://search.pstatic.net/sunny?src=https%3A%2F%2Fevent.lottecard-ad.co.kr%2Fstatic%2Fimages%2Ffavicon%2Ffavicon.ico&type=f30_30_png_expire24,"롯데카드 event.lottecard-ad.co.kr/top3living_benefit.html 매달 생활비 할인은 롯데카드 아파트 관리비 10% 할인 가스비, 전기료 10% 할인 아파트 관리비, 냉난방비 할인부터 생활영역 할인, 무이자 나누기 혜택까지"
2026-09-22 13:26,PC,월세카드결제,9,오픈페이푸드,"임대료 카드결제 오픈페이월세 임대료 및 관리비 카드결제, 2~8개월 무이자할부, 당일 및 지정일송금.",https://search.pstatic.net/sunny?src=https%3A%2F%2Fwww.open-pay.co.kr%2Ffavicon.ico&type=f30_30_png_expire24,"오픈페이푸드 open-pay.co.kr 임대료 카드결제 오픈페이월세 임대료 및 관리비 카드결제, 2~8개월 무이자할부, 당일 및 지정일송금."
2026-09-22 13:26,PC,월세카드결제,10,내집스캔,"매달 나가는 월세 부담된다면 이제 월세도 카드로 납부해서 통장 잔액 걱정 없이, 카드 혜택까지 챙겨요",https://search.pstatic.net/sunny?src=https%3A%2F%2Fwww.naezipscan.com%2Fnext%2Ffavicon.ico&type=f30_30_png_expire24,"내집스캔 naezipscan.com 매달 나가는 월세 부담된다면 이제 월세도 카드로 납부해서 통장 잔액 걱정 없이, 카드 혜택까지 챙겨요"
2026-09-22 13:26,PC,월세카드결제,0,자리페이,미노출,,
2026-09-22 13:26,모바일,월세카드결제,1,네이버로그인 사장님페이,"월세카드결제, 사장님페이 상대방 동의 불필요 365일 당일송금",https://ssl.pstatic.net/adimg3.search/imp/nx/power/m/251001/img/icon_favicon.png,"네이버로그인 사장님페이 sajangpay.com/ 월세카드결제, 사장님페이 상대방 동의 불필요 365일 당일송금"
2026-09-22 13:26,모바일,월세카드결제,2,,"현금 지출이 많은 9월, 첫 결제 수수료 50% 할인받고 월세카드결제 하세요!",,"현금 지출이 많은 9월, 첫 결제 수수료 50% 할인받고 월세카드결제 하세요!"
2026-09-22 13:26,모바일,월세카드결제,0,단비페이,미노출,,
2026-09-22 13:26,모바일,월세카드결제,0,자리페이,미노출,,
2026-09-22 14:05,PC,월세카드결제,1,단비페이,"월세카드결제 역시 단비페이 결제후 3초 번개송금 임대인동의 불필요, 무료번개/예약송금, 카드실적&포인트적립, 무이자할부가능 이벤트 연체분, 선납분 결제가능 월세카드결제 N페이 결제 연중무휴운영",https://searchad-phinf.pstatic.net/MjAyNjAxMDZfMTQ5/MDAxNzY3NjY5NTA2NjM3.N46jyl2gJMQhQZS1R7PQmBZKY2ZibNxILUFCsIKOnNkg.I8oG_cWmcANgDNSzdJ_lr9r4x2FoU9PVHI0KJ0jqJFYg.JPEG/1104169-735a2522-a51e-411c-95c7-21e36d18de4d.jpg?type=f160_160,"단비페이 danbipay.com 월세카드결제 역시 단비페이 결제후 3초 번개송금 임대인동의 불필요, 무료번개/예약송금, 카드실적&포인트적립, 무이자할부가능 이벤트 연체분, 선납분 결제가능 월세카드결제 N페이 결제 연중무휴운영"
2026-09-22 14:05,PC,월세카드결제,2,사장님페이,"월세카드결제, 사장님페이 365일 당일송금 상대방 동의 불필요 현금 지출이 많은 9월, 첫 결제 수수료 50% 할인받고 월세카드결제 하세요! 이벤트 첫거래 수수료 50% 할인 월세카드결제 임대료결제 이용절차",https://searchad-phinf.pstatic.net/MjAyNjA4MjdfMjA5/MDAxNzg3ODIxMDc5ODY4.eVUtrjd2gGAftRVTVsHIspU_DZcBvTJ5j_l4X-ZqYAUg.mTWX8R8f7ccH32WDZSF2NtFOhlM903JuRIzVgFJ55Vwg.JPEG/4465800-9c38af52-0820-4c1a-968e-be2ee7772371.jpg?type=f160_160,"네이버 로그인 사장님페이 sajangpay.com/ 월세카드결제, 사장님페이 365일 당일송금 상대방 동의 불필요 현금 지출이 많은 9월, 첫 결제 수수료 50% 할인받고 월세카드결제 하세요! 이벤트 첫거래 수수료 50% 할인 월세카드결제 임대료결제 이용절차"
2026-09-22 14:05,PC,월세카드결제,3,이체로,"특허받은, 월세카드결제 500만 임차인의 이체로 즉시송금,간편결제,할부 가능 믿을 수 있는 결제, 상대방 동의 NO! 편하고 쉬운 결제 시스템 월세/ 관리비 카드 결제 서비스 이벤트 수수료 페이백 프로모션 월세결제 저렴한수수료 즉시송금 이체로문의",https://searchad-phinf.pstatic.net/MjAyNTEyMTBfMjY3/MDAxNzY1MzQ5Nzk1NTI2.Ge4Oe2LmhGP5sdb6siQR6zVn2HX2jNWWIwSdNoh1hVYg._f3mZySo0I5RBIGD3bdTowGTq27sudrOUIFV0sYGwXsg.PNG/4175028-2f09c353-75f2-4e00-bfb1-6c405a00696b.png?type=f160_160,"이체로 2chero.com 특허받은, 월세카드결제 500만 임차인의 이체로 즉시송금,간편결제,할부 가능 믿을 수 있는 결제, 상대방 동의 NO! 편하고 쉬운 결제 시스템 월세/ 관리비 카드 결제 서비스 이벤트 수수료 페이백 프로모션 월세결제 저렴한수수료 즉시송금 이체로문의"
2026-09-22 14:05,PC,월세카드결제,4,페이린,월세카드결제 페이린 최저수수료 2.9% 카드결제하면 3초만에 송금 사장님을 위한 카드결제 서비스! 수수료 2.9% 상대방 동의 불필요 가입비없이 모든카드사지원! 월세카드결제 인건비결제 물품대금결제,https://searchad-phinf.pstatic.net/MjAyNjA4MDZfNDQg/MDAxNzg1OTc5NDQwNzQz.sAJnr3FWbyJ1DjqnQ--9IqdRztQ9KMJYdeWrB9Z_ensg.vOiAe5muD2vaoSb3_CfJfOy5kwcJgv53SHLOKDdpMtgg.PNG/4438407-ebd0661f-3d76-4b69-bf9e-ef9160e7a03c.png?type=f160_160,페이린 pay-lin.co.kr 월세카드결제 페이린 최저수수료 2.9% 카드결제하면 3초만에 송금 사장님을 위한 카드결제 서비스! 수수료 2.9% 상대방 동의 불필요 가입비없이 모든카드사지원! 월세카드결제 인건비결제 물품대금결제
2026-09-22 14:05,PC,월세카드결제,5,루트페이,"월세카드결제는 루트페이 365일 연중무휴로 언제든지 현금 없이 월세 납부, 수수료 3.8%. 직장인부터 자영업자까지 모두 가능! 월세/관리비/인건비 까지 결제 모두 가능! 무이자 할부 가능 최저 수수료 무이자할부 세금 공제 상대방동의X",https://searchad-phinf.pstatic.net/MjAyNTA0MDdfMTAz/MDAxNzQzOTg5Mjg2Mzgy.BrbNj6bh8JibR9hUd6FADPIPJ-KCI_SXNAW4FaudmjMg.Zth_42bWJJyvimHmc7_JcsvtkLCK1r1UvYEkyKrf-t0g.PNG/3273528-060358ca-72a6-4951-bf08-ebe14c64fd92.png?type=f160_160,"루트페이 root-pay.co.kr 월세카드결제는 루트페이 365일 연중무휴로 언제든지 현금 없이 월세 납부, 수수료 3.8%. 직장인부터 자영업자까지 모두 가능! 월세/관리비/인건비 까지 결제 모두 가능! 무이자 할부 가능 최저 수수료 무이자할부 세금 공제 상대방동의X"
2026-09-22 14:05,PC,월세카드결제,6,페이클로버,"월세카드결제 페이클로버 소득 및 세액 공제 가능 예약, 즉시송금가능 매 결제 마다 수수료 4%는 다시 한번 페이포인트로 적립! 상대방 동의 및 별도 인증 NO! 간단하고 편리한 결제! 페이클로버 플레이스토어 애플앱스토어 제휴문의",https://searchad-phinf.pstatic.net/MjAyNTA5MzBfMTgy/MDAxNzU5MTk0ODk3NTQ3.6FqrImeaCkZKBfaEpWPH7IbdaM9oMqoqis7vJS4Aw3og.6XokuSm2XCsYad5N3b1DqO26Ca-Rmvmq_U0jnMxtwMMg.PNG/4151959-4dbbd9b1-91ae-4673-955f-670bb796f783.png?type=f160_160,"페이클로버 paycloverapp.com 월세카드결제 페이클로버 소득 및 세액 공제 가능 예약, 즉시송금가능 매 결제 마다 수수료 4%는 다시 한번 페이포인트로 적립! 상대방 동의 및 별도 인증 NO! 간단하고 편리한 결제! 페이클로버 플레이스토어 애플앱스토어 제휴문의"
2026-09-22 14:05,PC,월세카드결제,7,롯데카드,"매달 생활비 할인은 롯데카드 가스비, 전기료 10% 할인 연회비 100% 캐시백이벤트 아파트 관리비, 냉난방비 할인부터 생활영역 할인, 무이자 나누기 혜택까지 생활비 할인 렌탈 할인 실적없이할인 공공지원카드",https://searchad-phinf.pstatic.net/MjAyNDExMDRfMTEy/MDAxNzMwNjgwNjYwNzM0.VpbHJ4fYYJBit_MOYrcHF7D7DESGVT2mM5c129I-UOAg.m89X9WBJiDUDaDHgpVtncHieleJB8NEgdziXruf7-0kg.PNG/405479-0699a309-2672-4e2c-8c01-345bfd7d1df9.png?type=f160_160,"롯데카드 event.lottecard-ad.co.kr/top3living_benefit.html 매달 생활비 할인은 롯데카드 가스비, 전기료 10% 할인 연회비 100% 캐시백이벤트 아파트 관리비, 냉난방비 할인부터 생활영역 할인, 무이자 나누기 혜택까지 생활비 할인 렌탈 할인 실적없이할인 공공지원카드"
2026-09-22 14:05,PC,월세카드결제,8,아파트아이,월세는 아파트아이! 카드 실적쌓는 월세 카드납부 전 카드사 납부 가능! 최대 170만원 세액공제 혜택까지 임대인 동의 x 계약서만 있으면 1분내 신청 가능,https://search.pstatic.net/sunny?src=https%3A%2F%2Fimg.apti.co.kr%2Fapti%2Fimages%2Fapti_favicon.ico&type=f30_30_png_expire24,네이버 로그인 아파트아이 apti.co.kr 월세는 아파트아이! 카드 실적쌓는 월세 카드납부 전 카드사 납부 가능! 최대 170만원 세액공제 혜택까지 임대인 동의 x 계약서만 있으면 1분내 신청 가능
2026-09-22 14:05,PC,월세카드결제,9,오픈페이푸드,"임대료 카드결제 오픈페이월세 임대료 및 관리비 카드결제, 2~8개월 무이자할부, 당일 및 지정일송금.",https://search.pstatic.net/sunny?src=https%3A%2F%2Fwww.open-pay.co.kr%2Ffavicon.ico&type=f30_30_png_expire24,"오픈페이푸드 open-pay.co.kr 임대료 카드결제 오픈페이월세 임대료 및 관리비 카드결제, 2~8개월 무이자할부, 당일 및 지정일송금."
2026-09-22 14:05,PC,월세카드결제,10,내집스캔,쉽고 안전한 월세 카드 납부 이번달 월세 낼 돈 빠듯하다면? 걱정말고 쉽고 빠르게 카드로 납부하세요 월급일 전후로 현금 부족할 때 갑자기 목돈 나갈 일 생겼을 때 월세 카드 납부해요,https://search.pstatic.net/sunny?src=https%3A%2F%2Fwww.naezipscan.com%2Fnext%2Ffavicon.ico&type=f30_30_png_expire24,내집스캔 naezipscan.com 쉽고 안전한 월세 카드 납부 이번달 월세 낼 돈 빠듯하다면? 걱정말고 쉽고 빠르게 카드로 납부하세요 월급일 전후로 현금 부족할 때 갑자기 목돈 나갈 일 생겼을 때 월세 카드 납부해요
2026-09-22 14:05,PC,월세카드결제,0,자리페이,미노출,,
2026-09-22 14:06,모바일,월세카드결제,1,네이버로그인 사장님페이,"월세카드결제, 사장님페이 상대방 동의 불필요 365일 당일송금",https://ssl.pstatic.net/adimg3.search/imp/nx/power/m/251001/img/icon_favicon.png,"네이버로그인 사장님페이 sajangpay.com/ 월세카드결제, 사장님페이 상대방 동의 불필요 365일 당일송금"
2026-09-22 14:06,모바일,월세카드결제,2,,"현금 지출이 많은 9월, 첫 결제 수수료 50% 할인받고 월세카드결제 하세요!",,"현금 지출이 많은 9월, 첫 결제 수수료 50% 할인받고 월세카드결제 하세요!"
2026-09-22 14:06,모바일,월세카드결제,0,단비페이,미노출,,
2026-09-22 14:06,모바일,월세카드결제,0,자리페이,미노출,,
2026-09-22 15:02,PC,월세카드결제,1,사장님페이,"월세카드결제, 사장님페이 365일 당일송금 현금 지출이 많은 9월, 첫 결제 수수료 50% 할인받고 월세카드결제 하세요! 이벤트 첫거래 수수료 50% 할인 월세카드결제 임대료결제 이용절차",https://searchad-phinf.pstatic.net/MjAyNjA4MTlfMjA4/MDAxNzg3MTE1NTA0OTU1.ApKDVGbqaMydwOSwVu9xj9qNz1H1urEbjLaAPXxkCIEg.ozVL89LTR9vIp37h1Sl6-HcJCVQqECQlDGlD7vfmjF0g.JPEG/4465800-4906386b-f52f-4da3-9c5f-e28dba74a668.jpg?type=f160_160,"네이버 로그인 사장님페이 sajangpay.com/ 월세카드결제, 사장님페이 365일 당일송금 현금 지출이 많은 9월, 첫 결제 수수료 50% 할인받고 월세카드결제 하세요! 이벤트 첫거래 수수료 50% 할인 월세카드결제 임대료결제 이용절차"
2026-09-22 15:02,PC,월세카드결제,2,이체로,"안전한, 월세카드결제 500만 임차인의 이체로 즉시송금,간편결제,할부 가능 이용 실적도 맞추고, 소득공제에 카드사별 포인트 혜택까지 한번에! 이벤트 이체로서포트 프로모션 월세카드결제 이체로서포터 카드테크",https://searchad-phinf.pstatic.net/MjAyNTExMTdfNzkg/MDAxNzYzMzc0NzAzNzcw.OKSjEB-mL5OavTTzL2HUBfH1o3xEnIYqx4vuodhg378g.vYHkdkzzg-xPNOvJRm1kxlUeL8q38tJc__2A2YALOncg.PNG/4175028-5f8ed445-51a8-4c65-8804-ecf6d28917a0.png?type=f160_160,"이체로 2chero.com 안전한, 월세카드결제 500만 임차인의 이체로 즉시송금,간편결제,할부 가능 이용 실적도 맞추고, 소득공제에 카드사별 포인트 혜택까지 한번에! 이벤트 이체로서포트 프로모션 월세카드결제 이체로서포터 카드테크"
2026-09-22 15:02,PC,월세카드결제,3,단비페이,"월세카드결제 역시 단비페이 결제후 3초 번개송금 임대인동의 불필요, 무료번개/예약송금, 카드실적&포인트적립, 무이자할부가능 이벤트 연체분, 선납분 결제가능",https://searchad-phinf.pstatic.net/MjAyMzAxMDJfMSAg/MDAxNjcyNjMyMjA2NjU5.js2issIJygD4QWCW-Ir8U8HVRaCzfVVTnKyLaxshojgg.CWpp9GXqGgP0XJ_YFRoGdYCaOYM8HeOJaoJevvIloYcg.JPEG/1104169-324a3b04-8d33-4647-bbf7-170d2a2181ad.jpg?type=f160_160,"단비페이 danbipay.com 월세카드결제 역시 단비페이 결제후 3초 번개송금 임대인동의 불필요, 무료번개/예약송금, 카드실적&포인트적립, 무이자할부가능 이벤트 연체분, 선납분 결제가능"
2026-09-22 15:02,PC,월세카드결제,4,페이린,"월세카드결제 페이린 최저수수료 2.9% 카드결제하면 3초만에 송금 사장님을 위한 카드결제 서비스! 수수료 2.9% 상대방 동의 불필요 카드결제하면 3초만에 바로 송금, 안전한 카드 결제는 페이린 가입비없이 모든카드사지원! 월세카드결제 인건비결제 물품대금결제",https://searchad-phinf.pstatic.net/MjAyNjA4MDZfNDQg/MDAxNzg1OTc5NDQwNzQz.sAJnr3FWbyJ1DjqnQ--9IqdRztQ9KMJYdeWrB9Z_ensg.vOiAe5muD2vaoSb3_CfJfOy5kwcJgv53SHLOKDdpMtgg.PNG/4438407-ebd0661f-3d76-4b69-bf9e-ef9160e7a03c.png?type=f160_160,"페이린 pay-lin.co.kr 월세카드결제 페이린 최저수수료 2.9% 카드결제하면 3초만에 송금 사장님을 위한 카드결제 서비스! 수수료 2.9% 상대방 동의 불필요 카드결제하면 3초만에 바로 송금, 안전한 카드 결제는 페이린 가입비없이 모든카드사지원! 월세카드결제 인건비결제 물품대금결제"
2026-09-22 15:02,PC,월세카드결제,5,루트페이,"월세카드결제는 루트페이 365일 연중무휴로 언제든지 현금 없이 월세 납부, 수수료 3.8%. 직장인부터 자영업자까지 모두 가능! 월세/관리비/인건비 까지 결제 모두 가능! 무이자 할부 가능 이벤트 24시간 연중무휴 최저 수수료 무이자할부 세금 공제 상대방동의X",https://searchad-phinf.pstatic.net/MjAyNTA0MDdfMTAz/MDAxNzQzOTg5Mjg2Mzgy.BrbNj6bh8JibR9hUd6FADPIPJ-KCI_SXNAW4FaudmjMg.Zth_42bWJJyvimHmc7_JcsvtkLCK1r1UvYEkyKrf-t0g.PNG/3273528-060358ca-72a6-4951-bf08-ebe14c64fd92.png?type=f160_160,"루트페이 root-pay.co.kr 월세카드결제는 루트페이 365일 연중무휴로 언제든지 현금 없이 월세 납부, 수수료 3.8%. 직장인부터 자영업자까지 모두 가능! 월세/관리비/인건비 까지 결제 모두 가능! 무이자 할부 가능 이벤트 24시간 연중무휴 최저 수수료 무이자할부 세금 공제 상대방동의X"
2026-09-22 15:02,PC,월세카드결제,6,페이클로버,"월세카드결제 페이클로버 소득 및 세액 공제 가능 예약, 즉시송금가능 현금 결제가 필요한 순간! / 알뜰하고 편리한 카드 결제 전문! 상대방 동의 및 별도 인증 NO! 간단하고 편리한 결제! 이벤트 첫 결제 수수료 2.5% 페이클로버 플레이스토어 애플앱스토어 제휴문의",https://searchad-phinf.pstatic.net/MjAyNTA5MzBfMTgy/MDAxNzU5MTk0ODk3NTQ3.6FqrImeaCkZKBfaEpWPH7IbdaM9oMqoqis7vJS4Aw3og.6XokuSm2XCsYad5N3b1DqO26Ca-Rmvmq_U0jnMxtwMMg.PNG/4151959-4dbbd9b1-91ae-4673-955f-670bb796f783.png?type=f160_160,"페이클로버 paycloverapp.com 월세카드결제 페이클로버 소득 및 세액 공제 가능 예약, 즉시송금가능 현금 결제가 필요한 순간! / 알뜰하고 편리한 카드 결제 전문! 상대방 동의 및 별도 인증 NO! 간단하고 편리한 결제! 이벤트 첫 결제 수수료 2.5% 페이클로버 플레이스토어 애플앱스토어 제휴문의"
2026-09-22 15:02,PC,월세카드결제,7,롯데카드,"매달 생활비 할인은 롯데카드 가스비, 전기료 10% 할인 통신요금 최대 2만원 할인 아파트 관리비, 냉난방비 할인부터 생활영역 할인, 무이자 나누기 혜택까지 생활비 할인 렌탈 할인 실적없이할인 공공지원카드",https://searchad-phinf.pstatic.net/MjAyNDExMDRfMTEy/MDAxNzMwNjgwNjYwNzM0.VpbHJ4fYYJBit_MOYrcHF7D7DESGVT2mM5c129I-UOAg.m89X9WBJiDUDaDHgpVtncHieleJB8NEgdziXruf7-0kg.PNG/405479-0699a309-2672-4e2c-8c01-345bfd7d1df9.png?type=f160_160,"롯데카드 event.lottecard-ad.co.kr/top3living_benefit.html 매달 생활비 할인은 롯데카드 가스비, 전기료 10% 할인 통신요금 최대 2만원 할인 아파트 관리비, 냉난방비 할인부터 생활영역 할인, 무이자 나누기 혜택까지 생활비 할인 렌탈 할인 실적없이할인 공공지원카드"
2026-09-22 15:02,PC,월세카드결제,8,아파트아이,카드 실적쌓는 월세 카드납부 전 카드사 납부 가능! 최대 170만원 세액공제 혜택까지 임대인 동의 x 계약서만 있으면 1분내 신청 가능,https://search.pstatic.net/sunny?src=https%3A%2F%2Fimg.apti.co.kr%2Fapti%2Fimages%2Fapti_favicon.ico&type=f30_30_png_expire24,네이버 로그인 아파트아이 apti.co.kr 카드 실적쌓는 월세 카드납부 전 카드사 납부 가능! 최대 170만원 세액공제 혜택까지 임대인 동의 x 계약서만 있으면 1분내 신청 가능
2026-09-22 15:02,PC,월세카드결제,9,오픈페이푸드,"임대료 카드결제 오픈페이월세 임대료 및 관리비 카드결제, 2~8개월 무이자할부, 당일 및 지정일송금.",https://search.pstatic.net/sunny?src=https%3A%2F%2Fwww.open-pay.co.kr%2Ffavicon.ico&type=f30_30_png_expire24,"오픈페이푸드 open-pay.co.kr 임대료 카드결제 오픈페이월세 임대료 및 관리비 카드결제, 2~8개월 무이자할부, 당일 및 지정일송금."
2026-09-22 15:02,PC,월세카드결제,10,내집스캔,쉽고 안전한 월세 카드 납부 이번달 월세 낼 돈 빠듯하다면? 걱정말고 쉽고 빠르게 카드로 납부하세요 월급일 전후로 현금 부족할 때 갑자기 목돈 나갈 일 생겼을 때 월세 카드 납부해요,https://search.pstatic.net/sunny?src=https%3A%2F%2Fwww.naezipscan.com%2Fnext%2Ffavicon.ico&type=f30_30_png_expire24,내집스캔 naezipscan.com 쉽고 안전한 월세 카드 납부 이번달 월세 낼 돈 빠듯하다면? 걱정말고 쉽고 빠르게 카드로 납부하세요 월급일 전후로 현금 부족할 때 갑자기 목돈 나갈 일 생겼을 때 월세 카드 납부해요
2026-09-22 15:02,PC,월세카드결제,0,자리페이,미노출,,
2026-09-22 15:02,모바일,월세카드결제,1,네이버로그인 사장님페이,"월세카드결제, 사장님페이 상대방 동의 불필요 365일 당일송금",https://search.pstatic.net/sunny?src=https%3A%2F%2Fsajangpay.com%2Fassets%2Fbrands%2Fsajangpay%2Ffavicon.svg&type=f30_30_png_expire24,"네이버로그인 사장님페이 sajangpay.com/ 월세카드결제, 사장님페이 상대방 동의 불필요 365일 당일송금"
2026-09-22 15:02,모바일,월세카드결제,2,,"현금 지출이 많은 9월, 첫 결제 수수료 50% 할인받고 월세카드결제 하세요!",,"현금 지출이 많은 9월, 첫 결제 수수료 50% 할인받고 월세카드결제 하세요!"
2026-09-22 15:02,모바일,월세카드결제,0,단비페이,미노출,,
2026-09-22 15:02,모바일,월세카드결제,0,자리페이,미노출,,
2026-09-22 15:06,PC,월세카드결제,1,사장님페이,"월세카드결제, 사장님페이 365일 당일송금 현금 지출이 많은 9월, 첫 결제 수수료 50% 할인받고 월세카드결제 하세요! 이벤트 첫거래 수수료 50% 할인 월세카드결제 임대료결제 이용절차",https://searchad-phinf.pstatic.net/MjAyNjA4MjdfMjA5/MDAxNzg3ODIxMDc5ODY4.eVUtrjd2gGAftRVTVsHIspU_DZcBvTJ5j_l4X-ZqYAUg.mTWX8R8f7ccH32WDZSF2NtFOhlM903JuRIzVgFJ55Vwg.JPEG/4465800-9c38af52-0820-4c1a-968e-be2ee7772371.jpg?type=f160_160,"네이버 로그인 사장님페이 sajangpay.com/ 월세카드결제, 사장님페이 365일 당일송금 현금 지출이 많은 9월, 첫 결제 수수료 50% 할인받고 월세카드결제 하세요! 이벤트 첫거래 수수료 50% 할인 월세카드결제 임대료결제 이용절차"
2026-09-22 15:06,PC,월세카드결제,2,이체로,"특허받은, 월세카드결제 500만 임차인의 이체로 즉시송금,간편결제,할부 가능 믿을 수 있는 결제, 상대방 동의 NO! 편하고 쉬운 결제 시스템 월세/ 관리비 카드 결제 서비스 이벤트 수수료 페이백 프로모션 월세카드결제 이체로서포터 카드테크",https://searchad-phinf.pstatic.net/MjAyNTExMTdfNzkg/MDAxNzYzMzc0NzAzNzcw.OKSjEB-mL5OavTTzL2HUBfH1o3xEnIYqx4vuodhg378g.vYHkdkzzg-xPNOvJRm1kxlUeL8q38tJc__2A2YALOncg.PNG/4175028-5f8ed445-51a8-4c65-8804-ecf6d28917a0.png?type=f160_160,"이체로 2chero.com 특허받은, 월세카드결제 500만 임차인의 이체로 즉시송금,간편결제,할부 가능 믿을 수 있는 결제, 상대방 동의 NO! 편하고 쉬운 결제 시스템 월세/ 관리비 카드 결제 서비스 이벤트 수수료 페이백 프로모션 월세카드결제 이체로서포터 카드테크"
2026-09-22 15:06,PC,월세카드결제,3,단비페이,"월세카드결제 역시 단비페이 결제후 3초 번개송금 임대인동의 불필요, 무료번개/예약송금, 카드실적&포인트적립, 무이자할부가능 이벤트 연체분, 선납분 결제가능",https://searchad-phinf.pstatic.net/MjAyMzAxMDJfMSAg/MDAxNjcyNjMyMjA2NjU5.js2issIJygD4QWCW-Ir8U8HVRaCzfVVTnKyLaxshojgg.CWpp9GXqGgP0XJ_YFRoGdYCaOYM8HeOJaoJevvIloYcg.JPEG/1104169-324a3b04-8d33-4647-bbf7-170d2a2181ad.jpg?type=f160_160,"단비페이 danbipay.com 월세카드결제 역시 단비페이 결제후 3초 번개송금 임대인동의 불필요, 무료번개/예약송금, 카드실적&포인트적립, 무이자할부가능 이벤트 연체분, 선납분 결제가능"
2026-09-22 15:06,PC,월세카드결제,4,페이린,"월세카드결제 페이린 최저수수료 2.9% 카드결제하면 3초만에 송금 사장님을 위한 카드결제 서비스! 수수료 2.9% 상대방 동의 불필요 카드결제하면 3초만에 바로 송금, 안전한 카드 결제는 페이린 가입비없이 모든카드사지원! 월세카드결제 인건비결제 물품대금결제",https://searchad-phinf.pstatic.net/MjAyNjA4MDZfNDQg/MDAxNzg1OTc5NDQwNzQz.sAJnr3FWbyJ1DjqnQ--9IqdRztQ9KMJYdeWrB9Z_ensg.vOiAe5muD2vaoSb3_CfJfOy5kwcJgv53SHLOKDdpMtgg.PNG/4438407-ebd0661f-3d76-4b69-bf9e-ef9160e7a03c.png?type=f160_160,"페이린 pay-lin.co.kr 월세카드결제 페이린 최저수수료 2.9% 카드결제하면 3초만에 송금 사장님을 위한 카드결제 서비스! 수수료 2.9% 상대방 동의 불필요 카드결제하면 3초만에 바로 송금, 안전한 카드 결제는 페이린 가입비없이 모든카드사지원! 월세카드결제 인건비결제 물품대금결제"
2026-09-22 15:06,PC,월세카드결제,5,루트페이,"월세카드결제는 루트페이 365일 연중무휴로 언제든지 매달 곁에 있는 월세 친구 현금 없이 월세 납부, 수수료 3.8%. 직장인부터 자영업자까지 모두 가능! 이벤트 24시간 연중무휴 최저 수수료 무이자할부 세금 공제 상대방동의X",https://searchad-phinf.pstatic.net/MjAyNTA0MDdfMTAz/MDAxNzQzOTg5Mjg2Mzgy.BrbNj6bh8JibR9hUd6FADPIPJ-KCI_SXNAW4FaudmjMg.Zth_42bWJJyvimHmc7_JcsvtkLCK1r1UvYEkyKrf-t0g.PNG/3273528-060358ca-72a6-4951-bf08-ebe14c64fd92.png?type=f160_160,"루트페이 root-pay.co.kr 월세카드결제는 루트페이 365일 연중무휴로 언제든지 매달 곁에 있는 월세 친구 현금 없이 월세 납부, 수수료 3.8%. 직장인부터 자영업자까지 모두 가능! 이벤트 24시간 연중무휴 최저 수수료 무이자할부 세금 공제 상대방동의X"
2026-09-22 15:06,PC,월세카드결제,6,페이클로버,"월세카드결제 페이클로버 소득 및 세액 공제 가능 예약, 즉시송금가능 안전한 결제, 누구나 어디든 이제 카드로 하세요!/ 무이자 할부 OK 상대방 동의 및 별도 인증 NO! 간단하고 편리한 결제! 이벤트 첫 결제 수수료 2.5% 페이클로버 플레이스토어 애플앱스토어 제휴문의",https://searchad-phinf.pstatic.net/MjAyNTA5MzBfMTgy/MDAxNzU5MTk0ODk3NTQ3.6FqrImeaCkZKBfaEpWPH7IbdaM9oMqoqis7vJS4Aw3og.6XokuSm2XCsYad5N3b1DqO26Ca-Rmvmq_U0jnMxtwMMg.PNG/4151959-4dbbd9b1-91ae-4673-955f-670bb796f783.png?type=f160_160,"페이클로버 paycloverapp.com 월세카드결제 페이클로버 소득 및 세액 공제 가능 예약, 즉시송금가능 안전한 결제, 누구나 어디든 이제 카드로 하세요!/ 무이자 할부 OK 상대방 동의 및 별도 인증 NO! 간단하고 편리한 결제! 이벤트 첫 결제 수수료 2.5% 페이클로버 플레이스토어 애플앱스토어 제휴문의"
2026-09-22 15:06,PC,월세카드결제,7,롯데카드,"매달 생활비 할인은 롯데카드 이동통신 10% 결제일 할인 연회비 100% 캐시백이벤트 아파트 관리비, 냉난방비 할인부터 생활영역 할인, 무이자 나누기 혜택까지 생활비 할인 렌탈 할인 실적없이할인 공공지원카드",https://searchad-phinf.pstatic.net/MjAyNDExMDRfMTEy/MDAxNzMwNjgwNjYwNzM0.VpbHJ4fYYJBit_MOYrcHF7D7DESGVT2mM5c129I-UOAg.m89X9WBJiDUDaDHgpVtncHieleJB8NEgdziXruf7-0kg.PNG/405479-0699a309-2672-4e2c-8c01-345bfd7d1df9.png?type=f160_160,"롯데카드 event.lottecard-ad.co.kr/top3living_benefit.html 매달 생활비 할인은 롯데카드 이동통신 10% 결제일 할인 연회비 100% 캐시백이벤트 아파트 관리비, 냉난방비 할인부터 생활영역 할인, 무이자 나누기 혜택까지 생활비 할인 렌탈 할인 실적없이할인 공공지원카드"
2026-09-22 15:06,PC,월세카드결제,8,아파트아이,월세는 아파트아이! 임대인 동의 x 계약서만 있으면 1분내 신청 가능 전 카드사 납부 가능! 최대 170만원 세액공제 혜택까지,https://search.pstatic.net/sunny?src=https%3A%2F%2Fimg.apti.co.kr%2Fapti%2Fimages%2Fapti_favicon.ico&type=f30_30_png_expire24,네이버 로그인 아파트아이 apti.co.kr 월세는 아파트아이! 임대인 동의 x 계약서만 있으면 1분내 신청 가능 전 카드사 납부 가능! 최대 170만원 세액공제 혜택까지
2026-09-22 15:06,PC,월세카드결제,9,오픈페이푸드,"임대료 카드결제 오픈페이월세 임대료 및 관리비 카드결제, 2~8개월 무이자할부, 당일 및 지정일송금.",https://search.pstatic.net/sunny?src=https%3A%2F%2Fwww.open-pay.co.kr%2Ffavicon.ico&type=f30_30_png_expire24,"오픈페이푸드 open-pay.co.kr 임대료 카드결제 오픈페이월세 임대료 및 관리비 카드결제, 2~8개월 무이자할부, 당일 및 지정일송금."
2026-09-22 15:06,PC,월세카드결제,10,내집스캔,쉽고 안전한 월세 카드 납부 이번달 월세 낼 돈 빠듯하다면? 걱정말고 쉽고 빠르게 카드로 납부하세요 월급일 전후로 현금 부족할 때 갑자기 목돈 나갈 일 생겼을 때 월세 카드 납부해요,https://search.pstatic.net/sunny?src=https%3A%2F%2Fwww.naezipscan.com%2Fnext%2Ffavicon.ico&type=f30_30_png_expire24,내집스캔 naezipscan.com 쉽고 안전한 월세 카드 납부 이번달 월세 낼 돈 빠듯하다면? 걱정말고 쉽고 빠르게 카드로 납부하세요 월급일 전후로 현금 부족할 때 갑자기 목돈 나갈 일 생겼을 때 월세 카드 납부해요
2026-09-22 15:06,PC,월세카드결제,0,자리페이,미노출,,
2026-09-22 15:07,모바일,월세카드결제,1,네이버로그인 사장님페이,"월세카드결제, 사장님페이 상대방 동의 불필요 365일 당일송금",https://search.pstatic.net/sunny?src=https%3A%2F%2Fsajangpay.com%2Fassets%2Fbrands%2Fsajangpay%2Ffavicon.svg&type=f30_30_png_expire24,"네이버로그인 사장님페이 sajangpay.com/ 월세카드결제, 사장님페이 상대방 동의 불필요 365일 당일송금"
2026-09-22 15:07,모바일,월세카드결제,2,,"현금 지출이 많은 9월, 첫 결제 수수료 50% 할인받고 월세카드결제 하세요!",,"현금 지출이 많은 9월, 첫 결제 수수료 50% 할인받고 월세카드결제 하세요!"
2026-09-22 15:07,모바일,월세카드결제,0,단비페이,미노출,,
2026-09-22 15:07,모바일,월세카드결제,0,자리페이,미노출,,
